{
  "1a8d55cb1ad55ea1ef4a393e2d0d8af521dfaa85.png": {
    "title": "boy_3_speech.png",
    "description": "Pic",
    "tags": []
  },
  "2ae8de762161e37f07cdb3a7e7585be907ead9ee.png": {
    "title": "boy_6_speech.png",
    "description": "pic",
    "tags": []
  },
  "bf241f3053cc8dc5831a3e4466caebdeb65c4d95.png": {
    "title": "boy_5_speech.png",
    "description": "pic",
    "tags": []
  },
  "8a1b0c86c7bd7f747a298b204fffefb5ba7da273.png": {
    "title": "boy_4_speech.png",
    "description": "pic",
    "tags": []
  },
  "b75c1093f00b5242d3bc19612145b3e64535e9a7.png": {
    "title": "girl_2_speech.png",
    "description": "pic",
    "tags": []
  },
  "bf878dd8592079a812d87a39992b59f22a43091c.png": {
    "title": "boy_2_speech.png",
    "description": "pic",
    "tags": []
  },
  "ca753638f77893aceca0b55f091c2f4c9af06463.png": {
    "title": "Girl_1_speech.png",
    "description": "pic",
    "tags": []
  },
  "029b63659cee80c9fea210cf23c204e8c889e12f.png": {
    "title": "AI & Me course header.png",
    "description": "course header\r\n",
    "tags": []
  }
}